<?xml version="1.0" encoding="UTF-8"?>
<project-private xmlns="http://www.netbeans.org/ns/project-private/1">
    <editor-bookmarks xmlns="http://www.netbeans.org/ns/editor-bookmarks/2" lastBookmarkId="0"/>
    <open-files xmlns="http://www.netbeans.org/ns/projectui-open-files/2">
        <group>
            <file>file:/media/asus/TOSHIBA/Curso/Caritas/src/caritas/vistas/Ayuda.java</file>
            <file>file:/media/asus/TOSHIBA/Curso/Caritas/src/caritas/vistas/Familia.java</file>
            <file>file:/media/asus/TOSHIBA/Curso/Caritas/src/caritas/vistas/Usuario.java</file>
            <file>file:/media/asus/TOSHIBA/Curso/Caritas/src/caritas/vistas/Main.java</file>
        </group>
    </open-files>
</project-private>
